round,test_acc,test_loss,sum_byz
0,0.068600,2.309219,0.400000
10,0.478600,2.078486,0.050641
20,0.486800,1.688275,0.075323
30,0.491300,1.429699,0.073738
40,0.504800,1.250540,0.081788
50,0.560800,1.113442,0.093651
60,0.609100,1.015730,0.083210
70,0.645800,0.942175,0.076516
80,0.690100,0.862709,0.100431
90,0.725000,0.800546,0.095866
100,0.744000,0.754492,0.100485
110,0.764300,0.716264,0.091902
120,0.775600,0.680860,0.084802
130,0.787800,0.660084,0.116488
140,0.787100,0.651255,0.118712
150,0.807200,0.613463,0.104123
160,0.808700,0.605639,0.105065
170,0.826600,0.569551,0.118170
180,0.833900,0.549799,0.119342
190,0.829600,0.549699,0.103837
200,0.838600,0.533510,0.108621
