round,test_acc,test_loss,sum_byz
0,0.068600,2.309219,0.100000
10,0.182800,2.268308,0.041519
20,0.480000,2.166769,0.039318
30,0.611800,1.313753,0.039318
40,0.691400,0.997299,0.039318
50,0.678400,0.935569,0.039318
60,0.750500,0.738346,0.039318
70,0.762600,0.674110,0.039318
80,0.788200,0.623502,0.039318
90,0.815000,0.571796,0.039318
100,0.828300,0.537239,0.039318
110,0.844700,0.509878,0.039318
120,0.851900,0.486122,0.039318
130,0.859900,0.467114,0.039318
140,0.866900,0.448587,0.039318
150,0.870400,0.437616,0.039318
160,0.874600,0.422611,0.039318
170,0.875300,0.413192,0.039318
180,0.879500,0.400853,0.039318
190,0.879700,0.396307,0.039318
200,0.882500,0.385444,0.039318
