round,test_acc,test_loss,sum_byz
0,0.068600,2.309219,0.400000
10,0.068600,2.309219,0.480771
20,0.068600,2.309219,0.414008
30,0.205500,2.274002,0.414008
40,0.317100,2.235162,0.414008
50,0.372600,2.211408,0.414008
60,0.370500,2.176740,0.414008
70,0.379600,2.151195,0.414008
80,0.401400,2.119462,0.414008
90,0.415800,2.090634,0.414008
100,0.420200,2.065049,0.414008
110,0.433900,2.030760,0.414008
120,0.440400,1.997949,0.414008
130,0.442000,1.973642,0.414008
140,0.443000,1.951485,0.414008
150,0.429800,1.925111,0.414008
160,0.443300,1.889150,0.414008
170,0.445700,1.860586,0.414008
180,0.455600,1.834580,0.414008
190,0.457100,1.820208,0.414008
200,0.455900,1.791584,0.414008
