round,test_acc,test_loss,sum_byz
0,0.068600,2.309219,0.400000
10,0.415000,1.992260,0.223812
20,0.499600,1.635171,0.181277
30,0.533000,1.436470,0.222222
40,0.531200,1.371168,0.562500
50,0.548600,1.338461,0.500000
60,0.556100,1.256732,0.176471
70,0.556900,1.215208,0.478261
80,0.566700,1.146496,0.344828
90,0.583300,1.096304,0.434783
100,0.605500,1.045738,0.176471
110,0.635100,0.992880,0.347826
120,0.661800,0.976792,0.500000
130,0.650600,0.954371,0.368421
140,0.680900,0.913055,0.409091
150,0.722800,0.850951,0.450000
160,0.720500,0.843344,0.500000
170,0.737000,0.805165,0.391304
180,0.771500,0.753679,0.500000
190,0.754100,0.769071,0.357143
200,0.788400,0.715552,0.352941
